WH,Cost/unit
15,1.4150633766876566
17,0.42894658708921174
18,2.0362537598033468
5,0.48814438452738274
2,0.4775035189272224
1,0.5669761849295618
6,0.5540880976257885
10,0.4935818984829453
7,0.371423937425446
14,0.6343297377046666
16,1.9198075078524335
12,0.7731317943178858
11,0.5552472904512042
9,0.46507109738293506
3,0.5175018916254618
13,0.46970705658151307
19,0.6397625198174935
8,0.5228572991962216
4,0.42850329514821733
